videogame_id,name,type,release_date,rating,console_exclusive
1,Yeeter Dragon,Open World,2007,4.30000019073486,1
2,Killer Rekt,RPG,2007,2.29999995231628,1
3,Nice Fighter,Action,2013,2.70000004768372,0
4,Killer Fox,Rougelike,1986,2.40000009536743,0
5,Fine Road,RTS,1985,4.09999990463257,0
6,Fight Tree,Battle Royal,1991,2.09999990463257,1
7,Fight Kitten,Battle Royal,2012,3.90000009536743,0
8,Killer Bob,Puzzle,2020,2.5,0
9,Fight Dragon,Action,2007,3.09999990463257,1
10,Yeeter Bob,Casual,1991,4.09999990463257,0
11,Fight Node,Rougelike,1990,3.29999995231628,0
12,Dirty Bob,Puzzle,2006,4.59999990463257,0
13,Killer Rekt,Battle Royal,1989,4.40000009536743,0
14,Nice Kitten,Puzzle,2019,3.79999995231628,1
15,Yeeter Troll,Puzzle,1994,4.09999990463257,0
16,Small Shark,Battle Royal,1997,3.90000009536743,0
17,World of Fox,RTS,2004,3.0,0
18,World of Troll,Action,2006,3.70000004768372,0
19,True Fox,Adventure,1988,3.0,1
20,Project Dragon,Shooter,2009,4.5,1
21,Killer Leaf,Horror,2007,1.79999995231628,1
22,Nice Leaf,MMO,2020,3.59999990463257,1
23,Fight Shark,Rythm,1985,2.59999990463257,0
24,Super Road,Battle Royal,2002,1.79999995231628,0
25,Super Dragon,Rougelike,1997,2.70000004768372,0
26,Yeeter Bob,Shooter,1989,2.59999990463257,1
27,Super Rekt,Open World,2019,1.89999997615814,0
28,Nice Rekt,MMO,2017,3.5,0
29,Dirty Fox,Rythm,1992,2.5,0
30,Project Fighter,RTS,2008,1.60000002384186,0
31,Small Troll,Rythm,2018,1.89999997615814,0
32,Fine Bob,MMO,1991,2.0,1
33,Fight Fox,Open World,2000,2.29999995231628,0
34,Fine Dragon,Idle,2012,2.20000004768372,0
35,World of Kitten,Action,2005,3.70000004768372,0
36,Dirty Bob,Racing,2002,4.30000019073486,0
37,Killer Shark,Hack and Slash,2005,3.40000009536743,0
38,Fine Tree,Shooter,2007,3.20000004768372,0
39,Dirty Tree,Idle,1986,3.40000009536743,1
40,True Leaf,MMO,1995,2.29999995231628,0
41,Fight Bob,Rougelike,2002,2.5,0
42,Fight Shark,Adventure,2013,3.59999990463257,0
43,Super Rekt,Rougelike,2003,4.40000009536743,0
44,Killer Coal,Puzzle,1985,2.29999995231628,0
45,Yeeter Fox,Shooter,1988,4.0,0
46,True Fighter,Adventure,2008,4.69999980926514,0
47,Small Bob,Survival,1989,1.20000004768372,0
48,Yeeter Rekt,Puzzle,1996,4.69999980926514,1
49,Fine Road,RTS,1987,4.19999980926514,0
50,Dirty Shark,MMO,2006,2.79999995231628,1
51,Small Fox,Battle Royal,1991,1.79999995231628,0
52,Fight Dragon,Party,1999,2.79999995231628,0
53,Nice Road,RTS,2014,2.20000004768372,0
54,Nice Coal,Horror,2014,3.79999995231628,0
55,Nice Tree,Open World,1997,4.30000019073486,0
56,True Fighter,Party,1998,4.69999980926514,1
57,Small Troll,Racing,2007,3.09999990463257,0
58,Yeeter Leaf,Open World,2007,4.09999990463257,0
59,Project Troll,Casual,2020,1.20000004768372,0
60,Fight Kitten,Puzzle,1992,2.79999995231628,0
61,Fight Fighter,Battle Royal,1990,1.5,1
62,Project Bob,Rythm,2001,3.59999990463257,0
63,World of Shark,Casual,2001,4.90000009536743,0
64,Fight Node,Adventure,2003,3.29999995231628,0
65,Fight Troll,Casual,2013,3.5,0
66,Yeeter Road,Shooter,2011,3.40000009536743,0
67,Fine Troll,Action,2002,3.90000009536743,0
68,True Road,Puzzle,2020,1.79999995231628,1
69,Project Dragon,Action,2019,1.79999995231628,1
70,Super Troll,Hack and Slash,2015,2.40000009536743,1
71,Project Tree,Hack and Slash,1996,1.20000004768372,0
72,Small Coal,Adventure,1987,3.40000009536743,0
73,Project Troll,Idle,2002,1.39999997615814,1
74,Fine Bob,Survival,1992,4.40000009536743,1
75,Big Bob,Hack and Slash,1988,2.40000009536743,0
76,Killer Dragon,RTS,2008,3.70000004768372,0
77,Dirty Road,RTS,2001,1.29999995231628,0
78,Super Fighter,Hack and Slash,1991,3.29999995231628,0
79,Project Troll,Idle,2014,1.29999995231628,0
80,Killer Troll,Open World,2001,2.70000004768372,0
81,Super Tree,RPG,1990,3.79999995231628,0
82,Project Shark,RPG,1988,3.09999990463257,1
83,Small Road,Hack and Slash,2009,1.20000004768372,0
84,Small Kitten,Survival,1999,4.19999980926514,0
85,Fine Leaf,RPG,2003,3.79999995231628,0
86,Colorful Leaf,Rougelike,2015,4.40000009536743,1
87,Dirty Leaf,Shooter,2009,3.29999995231628,0
88,Killer Bob,MMO,2004,4.69999980926514,0
89,True Node,Rougelike,1989,3.90000009536743,0
90,Big Dragon,Party,2015,3.20000004768372,0
91,Killer Node,Open World,1989,2.29999995231628,0
92,Super Rekt,Rougelike,2002,3.79999995231628,0
93,Small Fighter,Idle,1985,1.5,0
94,Killer Coal,RPG,1986,2.0,0
95,Killer Coal,Puzzle,2005,3.90000009536743,1
96,Fight Tree,Racing,2011,4.30000019073486,0
97,Yeeter Kitten,Adventure,2007,3.40000009536743,0
98,Project Fox,Open World,2017,3.79999995231628,0
99,Small Troll,RPG,1994,1.60000002384186,0
100,Big Kitten,Open World,2003,3.20000004768372,1
101,Dirty Rekt,Rythm,1991,2.70000004768372,1
102,Dirty Fox,Rythm,2013,1.5,1
103,Fine Road,Action,2017,1.5,0
104,Project Tree,RPG,2001,1.29999995231628,0
105,Yeeter Bob,Battle Royal,1995,2.90000009536743,0
106,Nice Dragon,Casual,1998,2.20000004768372,1
107,Killer Coal,Open World,1988,1.29999995231628,0
108,Dirty Kitten,Puzzle,2007,3.79999995231628,0
109,Yeeter Shark,Idle,2003,4.59999990463257,1
110,Nice Kitten,RTS,1999,1.20000004768372,0
111,Killer Fighter,Casual,1987,2.79999995231628,0
112,Killer Bob,Shooter,2012,3.70000004768372,0
113,Fine Shark,Casual,2000,2.79999995231628,0
114,Small Bob,Action,2007,1.5,0
115,Dirty Troll,Rythm,2020,2.0,1
116,Dirty Road,RTS,1989,1.60000002384186,0
117,Super Coal,Hack and Slash,2016,2.90000009536743,0
118,World of Dragon,Puzzle,1999,4.80000019073486,1
119,Yeeter Leaf,Survival,1992,3.29999995231628,1
120,Small Rekt,Action,2013,2.0,0
121,Fight Shark,RTS,1991,4.90000009536743,0
122,Big Leaf,Hack and Slash,2019,1.70000004768372,0
123,Nice Fox,Survival,2008,1.89999997615814,0
124,Colorful Fighter,RTS,2020,1.29999995231628,0
125,Dirty Tree,Battle Royal,2015,3.20000004768372,0
126,Dirty Bob,Idle,2003,3.0,0
127,Super Coal,Action,2015,1.79999995231628,0
128,Dirty Dragon,Puzzle,2011,1.60000002384186,0
129,Small Kitten,Party,1992,2.90000009536743,0
130,Fight Fighter,Shooter,2005,1.0,0
131,Dirty Kitten,Party,2019,2.20000004768372,0
132,Yeeter Shark,Action,2007,4.0,0
133,Colorful Node,Shooter,1989,3.20000004768372,1
134,Fine Bob,Adventure,2019,4.59999990463257,0
135,Killer Fox,Rythm,1992,2.29999995231628,0
136,Yeeter Troll,Party,2001,3.5,0
137,Fine Dragon,RPG,2016,4.09999990463257,1
138,Fight Dragon,Survival,2002,1.79999995231628,1
139,Small Troll,Horror,2019,1.79999995231628,1
140,Project Node,Action,2005,4.09999990463257,1
141,World of Kitten,Open World,1994,4.59999990463257,0
142,Colorful Bob,Puzzle,1987,4.40000009536743,1
143,Dirty Rekt,Action,1992,4.19999980926514,0
144,Killer Kitten,Rougelike,2010,2.59999990463257,0
145,Dirty Shark,Racing,1997,1.10000002384186,1
146,Fight Coal,RTS,2019,4.09999990463257,0
147,Fight Road,Horror,2016,4.30000019073486,1
148,Big Shark,Puzzle,2001,2.0,1
149,Yeeter Rekt,Puzzle,2007,4.59999990463257,0
150,True Leaf,Party,1986,2.59999990463257,1
151,Killer Dragon,RTS,2011,4.19999980926514,0
152,Killer Node,RPG,2003,1.20000004768372,0
153,Fight Tree,Action,1994,1.5,0
154,Dirty Node,Rougelike,1997,1.79999995231628,1
155,World of Rekt,MMO,2018,1.0,0
156,Fine Troll,Hack and Slash,1990,3.70000004768372,0
157,Super Troll,Open World,1995,1.20000004768372,0
158,World of Tree,Horror,2009,2.59999990463257,0
159,Big Fox,RTS,1994,2.0,0
160,Big Fighter,Rougelike,2017,3.09999990463257,0
161,Colorful Kitten,RPG,2018,3.5,0
162,Fight Shark,Adventure,1997,1.20000004768372,0
163,Nice Rekt,Hack and Slash,2019,1.0,0
164,Fine Node,RPG,1988,3.70000004768372,0
165,Super Bob,MMO,2012,4.90000009536743,0
166,Project Leaf,Puzzle,2002,2.0,0
167,Colorful Rekt,Rythm,1993,3.90000009536743,0
168,Killer Coal,Idle,1995,1.0,1
169,Small Coal,Adventure,2006,4.30000019073486,0
170,Yeeter Rekt,Puzzle,1998,1.70000004768372,0
171,Dirty Rekt,RPG,1991,2.40000009536743,0
172,Super Leaf,Rythm,2005,4.59999990463257,0
173,World of Troll,Open World,1991,2.5,0
174,Nice Road,Survival,2011,3.0,1
175,Nice Fighter,Casual,1991,1.79999995231628,0
176,Colorful Coal,Puzzle,1992,2.20000004768372,0
177,Killer Road,Survival,2004,3.09999990463257,1
178,Nice Rekt,Adventure,1996,4.59999990463257,0
179,Small Fox,Casual,1987,1.70000004768372,0
180,Fine Bob,RTS,1999,2.29999995231628,1
181,Fine Shark,Shooter,2019,3.0,0
182,World of Rekt,Battle Royal,2006,3.5,0
183,Super Shark,Survival,2007,2.40000009536743,0
184,Fight Fighter,Shooter,1998,1.39999997615814,1
185,Killer Shark,Hack and Slash,1998,1.29999995231628,0
186,Big Tree,RTS,1995,1.89999997615814,0
187,Colorful Shark,RPG,2006,4.19999980926514,0
188,Fight Kitten,RPG,2007,3.70000004768372,0
189,Fine Fighter,Rythm,2018,4.30000019073486,0
190,Super Rekt,Horror,2010,4.59999990463257,1
191,Fine Dragon,Casual,2013,2.70000004768372,0
192,Super Troll,Puzzle,2004,1.29999995231628,0
193,Small Coal,Shooter,1998,2.40000009536743,1
194,Dirty Tree,Rythm,1989,1.60000002384186,0
195,Small Bob,Casual,2015,3.29999995231628,1
196,Fight Troll,Puzzle,1994,1.29999995231628,0
197,Dirty Bob,Hack and Slash,1989,4.90000009536743,1
198,Yeeter Kitten,Racing,2014,4.80000019073486,1
199,Super Shark,Hack and Slash,2017,1.39999997615814,0
200,Super Dragon,Party,2014,2.29999995231628,1
201,Dirty Leaf,Party,1996,4.80000019073486,0
202,Fine Troll,Rythm,2004,4.69999980926514,0
203,Dirty Troll,Hack and Slash,2002,4.0,1
204,Project Node,MMO,2013,1.0,0
205,Yeeter Fighter,Puzzle,2008,3.90000009536743,0
206,Yeeter Leaf,Shooter,2016,4.80000019073486,0
207,Killer Road,Battle Royal,2000,1.70000004768372,0
208,Big Tree,Battle Royal,1991,3.59999990463257,0
209,True Fox,Hack and Slash,1988,3.40000009536743,0
210,True Shark,Racing,2005,2.40000009536743,0
211,Fine Tree,Rougelike,2008,1.5,0
212,World of Fighter,RTS,2001,1.70000004768372,0
213,World of Dragon,Shooter,2003,3.79999995231628,0
214,Small Node,Action,2003,4.69999980926514,0
215,Yeeter Kitten,Adventure,1989,1.29999995231628,0
216,Small Shark,Idle,1998,2.0,0
217,Yeeter Shark,Open World,2012,4.80000019073486,0
218,True Bob,Rythm,1995,3.5,0
219,Dirty Road,Idle,1985,2.5,0
220,World of Rekt,Party,2011,1.10000002384186,0
221,Project Fox,Battle Royal,1990,2.0,0
222,Fine Dragon,Puzzle,1993,3.5,1
223,Project Leaf,Battle Royal,2009,2.0,0
224,Small Rekt,Open World,1995,2.70000004768372,0
225,Dirty Kitten,Casual,2000,2.5,0
226,Fine Troll,Action,2002,3.59999990463257,0
227,Killer Fighter,Idle,2013,3.40000009536743,0
228,World of Node,Party,2015,2.70000004768372,0
229,Colorful Troll,Rougelike,2015,2.90000009536743,0
230,Big Node,Rythm,1994,4.59999990463257,0
231,Project Kitten,Action,2016,2.59999990463257,1
232,True Leaf,RPG,2006,3.0,1
233,Fine Tree,MMO,1989,1.39999997615814,0
234,True Dragon,Racing,2001,2.09999990463257,0
235,Project Fox,Puzzle,2007,1.39999997615814,1
236,Fight Dragon,RTS,2012,3.0,1
237,Killer Road,Open World,1989,2.40000009536743,0
238,Big Tree,RPG,2011,3.0,1
239,Super Dragon,Rougelike,1988,1.79999995231628,0
240,Small Dragon,Survival,1988,3.40000009536743,0
241,Fight Road,Open World,2009,1.5,0
242,Yeeter Kitten,Racing,2020,2.5,0
243,World of Road,Racing,1985,3.29999995231628,0
244,True Fox,Party,1994,2.70000004768372,1
245,Small Dragon,Horror,1988,1.89999997615814,0
246,Super Tree,Puzzle,2003,1.10000002384186,1
247,Fight Shark,Adventure,2012,4.69999980926514,0
248,Big Kitten,Hack and Slash,1985,3.90000009536743,0
249,Colorful Fighter,MMO,2003,3.20000004768372,1
250,World of Leaf,MMO,1987,1.5,0
251,Dirty Troll,RTS,2020,3.29999995231628,0
252,Fight Leaf,Party,1986,2.79999995231628,0
253,Fight Road,Adventure,1994,3.90000009536743,0
254,Killer Coal,Shooter,1997,1.0,0
255,Fight Dragon,RTS,1988,2.59999990463257,0
256,Nice Coal,Casual,2008,4.80000019073486,0
257,Big Shark,Action,2000,1.10000002384186,0
258,Big Tree,Battle Royal,2004,4.09999990463257,0
259,Nice Tree,Open World,1988,3.40000009536743,0
260,Nice Tree,Hack and Slash,1997,4.19999980926514,0
261,Nice Dragon,Idle,2007,3.40000009536743,1
262,World of Leaf,Survival,1995,4.90000009536743,0
263,Fine Tree,Casual,2018,3.90000009536743,0
264,Fine Shark,Shooter,2010,4.40000009536743,0
265,Big Dragon,RPG,2008,1.10000002384186,0
266,Super Leaf,MMO,2012,1.60000002384186,0
267,Project Coal,RPG,2015,2.59999990463257,0
268,Dirty Kitten,Horror,2018,4.19999980926514,1
269,Killer Leaf,Casual,2000,3.29999995231628,0
270,Small Tree,Rougelike,2016,3.29999995231628,0
271,Small Dragon,Action,2011,4.40000009536743,1
272,Killer Shark,Idle,1998,2.20000004768372,0
273,Super Leaf,RTS,1997,2.20000004768372,1
274,Yeeter Fox,Party,2001,2.5,0
275,Super Kitten,Survival,1985,1.0,0
276,Super Kitten,Rythm,2020,3.0,0
277,Small Tree,Shooter,1986,4.30000019073486,0
278,Project Bob,Puzzle,2010,1.10000002384186,0
279,World of Node,Action,2001,2.20000004768372,0
280,World of Tree,Survival,1998,1.0,0
281,Project Coal,Horror,1992,4.90000009536743,1
282,Fine Bob,Rythm,1985,4.30000019073486,1
283,Fine Fox,MMO,2004,3.70000004768372,0
284,Project Kitten,Rougelike,2000,4.19999980926514,1
285,Yeeter Tree,Racing,1994,1.70000004768372,1
286,Super Coal,Horror,1987,3.59999990463257,0
287,Fine Shark,Survival,2011,1.10000002384186,0
288,Fine Fighter,Action,1986,2.09999990463257,0
289,Dirty Kitten,Rythm,2009,1.70000004768372,1
290,Small Bob,Rythm,2008,1.89999997615814,1
291,Project Fighter,Action,2016,1.20000004768372,1
292,Fine Bob,Hack and Slash,2013,2.09999990463257,0
293,Colorful Node,MMO,2008,1.70000004768372,0
294,Colorful Road,Puzzle,1994,4.59999990463257,0
295,Yeeter Node,Horror,2017,2.79999995231628,1
296,Small Shark,Survival,2002,3.59999990463257,0
297,Dirty Fighter,Hack and Slash,2001,4.5,0
298,Killer Coal,Casual,1990,4.59999990463257,0
299,Yeeter Leaf,Party,2017,1.10000002384186,0
300,World of Leaf,Casual,2001,2.79999995231628,0
301,Nice Dragon,MMO,2000,2.70000004768372,1
302,Dirty Bob,Survival,2016,3.29999995231628,0
303,Dirty Node,Adventure,2020,2.59999990463257,0
304,Killer Node,Racing,1991,2.90000009536743,1
305,Nice Tree,Action,2010,1.20000004768372,0
306,Small Fighter,Shooter,2005,3.5,1
307,Super Coal,Battle Royal,2001,4.90000009536743,1
308,Yeeter Node,Rythm,1985,1.89999997615814,0
309,Small Fox,Party,2015,2.59999990463257,0
310,Small Dragon,Idle,2009,4.09999990463257,0
311,Super Node,Open World,2014,4.30000019073486,1
312,Big Fox,Casual,1995,4.5,0
313,Fine Bob,MMO,2008,4.80000019073486,0
314,Colorful Troll,Party,1987,3.09999990463257,0
315,Fine Shark,Party,2009,2.59999990463257,1
316,True Road,Casual,1994,4.0,0
317,Super Coal,Survival,2005,1.70000004768372,0
318,True Bob,Battle Royal,1993,3.29999995231628,0
319,Colorful Node,Adventure,2016,1.10000002384186,0
320,Super Dragon,Rythm,1993,3.90000009536743,1
321,Super Rekt,RPG,2014,4.69999980926514,0
322,Small Coal,Idle,2000,2.29999995231628,0
323,World of Road,Rythm,1986,1.89999997615814,0
324,True Bob,Rougelike,2020,4.40000009536743,0
325,Colorful Node,Action,2002,2.09999990463257,0
326,Big Dragon,Action,2003,1.79999995231628,0
327,Fight Rekt,MMO,2011,1.39999997615814,0
328,Fight Kitten,Casual,1994,2.70000004768372,1
329,Nice Leaf,Rougelike,2003,3.0,0
330,Big Fox,Puzzle,2016,4.0,0
331,Killer Coal,Battle Royal,2006,1.70000004768372,0
332,Super Node,Casual,2003,4.5,1
333,Super Fox,Rythm,2008,1.79999995231628,0
334,Project Troll,MMO,1986,4.40000009536743,1
335,Small Troll,Horror,2008,1.70000004768372,1
336,Project Road,RPG,2013,2.90000009536743,1
337,World of Fighter,Casual,2001,2.79999995231628,0
338,Fine Fox,Action,2013,4.69999980926514,0
339,World of Tree,MMO,2016,3.09999990463257,0
340,Fine Rekt,Idle,2002,4.90000009536743,0
341,Project Fighter,Racing,2011,1.29999995231628,0
342,Fight Coal,Action,2013,1.0,1
343,Big Node,Rougelike,1989,1.70000004768372,0
344,Killer Bob,MMO,2016,3.5,0
345,Big Leaf,Hack and Slash,1995,3.59999990463257,0
346,Colorful Rekt,Battle Royal,2002,1.89999997615814,0
347,Super Troll,RTS,1993,1.60000002384186,0
348,Fine Rekt,Casual,2017,2.40000009536743,0
349,Nice Rekt,Horror,2011,2.29999995231628,0
350,Killer Fox,Open World,1997,2.29999995231628,0
351,Nice Troll,Horror,1998,1.5,0
352,Super Tree,Casual,2015,4.40000009536743,0
353,Small Tree,RPG,2004,4.30000019073486,0
354,Big Fighter,Action,1986,1.89999997615814,0
355,Nice Leaf,RPG,2013,2.59999990463257,1
356,True Rekt,Adventure,1996,4.0,1
357,Colorful Tree,MMO,2007,4.30000019073486,1
358,Fight Fighter,Battle Royal,1989,4.19999980926514,0
359,Colorful Coal,Shooter,1997,1.70000004768372,0
360,World of Rekt,Battle Royal,1985,1.20000004768372,1
361,Big Tree,Party,2015,4.30000019073486,0
362,True Road,Open World,2001,2.40000009536743,1
363,Colorful Node,MMO,2008,3.29999995231628,0
364,Small Fighter,RTS,2002,4.40000009536743,1
365,Big Dragon,Racing,2012,4.5,0
366,Big Kitten,Battle Royal,2005,1.0,0
367,Dirty Troll,Racing,1986,2.20000004768372,0
368,Fine Shark,Survival,1988,4.80000019073486,0
369,World of Coal,MMO,2006,1.60000002384186,0
370,Killer Dragon,MMO,2004,3.70000004768372,1
371,Colorful Bob,Idle,1986,3.29999995231628,1
372,Small Tree,RTS,2009,3.0,0
373,Colorful Troll,Idle,2005,4.30000019073486,0
374,World of Dragon,RPG,1992,1.79999995231628,0
375,Project Road,Casual,1991,3.29999995231628,1
376,Yeeter Dragon,RPG,2000,4.90000009536743,0
377,Fight Node,Battle Royal,1989,4.59999990463257,1
378,Small Bob,RTS,2011,1.20000004768372,0
379,Small Node,Open World,1985,4.5,1
380,Colorful Troll,Shooter,1993,4.59999990463257,0
381,Fight Shark,MMO,1989,1.89999997615814,0
382,Killer Leaf,Rougelike,1988,2.5,1
383,Yeeter Troll,Casual,1993,1.5,1
384,Nice Coal,Horror,1990,2.70000004768372,0
385,Super Shark,Horror,2004,3.40000009536743,0
386,World of Kitten,Rougelike,2000,2.5,0
387,Project Road,Puzzle,2015,3.0,0
388,Super Fighter,Adventure,2005,4.0,0
389,Fight Node,Rythm,2018,1.60000002384186,0
390,Fine Dragon,Casual,2016,1.20000004768372,1
391,True Road,Rythm,2015,1.70000004768372,0
392,World of Rekt,Battle Royal,2016,1.60000002384186,1
393,Killer Leaf,Action,2006,3.40000009536743,0
394,Big Shark,Survival,2018,4.40000009536743,0
395,Dirty Fighter,RPG,2009,4.40000009536743,1
396,Yeeter Rekt,Shooter,2018,2.70000004768372,0
397,Fight Fighter,Party,1998,2.40000009536743,0
398,Nice Leaf,Shooter,2014,1.10000002384186,1
399,True Node,Horror,1996,3.90000009536743,0
400,Fine Leaf,Puzzle,1989,3.70000004768372,0
401,Fight Leaf,Idle,2009,1.0,0
402,True Bob,MMO,2006,1.70000004768372,1
403,Yeeter Road,Action,1999,1.60000002384186,1
404,Yeeter Node,Open World,2020,2.90000009536743,0
405,Dirty Tree,Idle,2002,3.20000004768372,0
406,Small Rekt,Horror,2012,2.5,1
407,Big Troll,Hack and Slash,2014,2.59999990463257,0
408,Small Bob,Battle Royal,1990,1.29999995231628,0
409,Big Kitten,Battle Royal,2014,4.40000009536743,0
410,Fight Fighter,Action,2017,1.79999995231628,0
411,Yeeter Kitten,Idle,2008,2.90000009536743,1
412,World of Node,Puzzle,1986,3.79999995231628,0
413,Fine Rekt,Puzzle,2001,3.79999995231628,0
414,Project Bob,Battle Royal,1988,1.89999997615814,0
415,Fight Bob,Survival,1985,4.09999990463257,0
416,World of Leaf,Horror,2019,3.90000009536743,0
417,Dirty Rekt,Idle,2018,3.20000004768372,0
418,Big Troll,RPG,2008,3.90000009536743,0
419,Big Rekt,Shooter,2002,2.59999990463257,0
420,Nice Rekt,Shooter,2002,2.0,0
421,Project Dragon,Horror,2016,3.0,1
422,Project Dragon,Racing,1988,2.59999990463257,0
423,Dirty Tree,Action,2003,2.09999990463257,0
424,Colorful Road,Horror,1995,3.20000004768372,0
425,Nice Road,Shooter,2001,2.29999995231628,0
426,Killer Fighter,MMO,1993,3.5,1
427,Big Node,Puzzle,1987,4.80000019073486,1
428,Fight Fox,Rougelike,2013,2.79999995231628,1
429,Super Kitten,Idle,2019,1.39999997615814,0
430,Super Rekt,Idle,2005,4.0,0
431,Fight Rekt,Battle Royal,1997,1.79999995231628,0
432,Small Shark,Shooter,1985,4.5,0
433,Colorful Rekt,RTS,2010,4.0,1
434,Colorful Bob,Survival,2007,3.09999990463257,0
435,Dirty Shark,Battle Royal,1990,3.5,0
436,Colorful Leaf,RPG,2005,3.29999995231628,0
437,Killer Dragon,Battle Royal,2009,1.89999997615814,0
438,World of Bob,RTS,2003,4.30000019073486,0
439,Fine Dragon,Rougelike,1988,3.20000004768372,0
440,Yeeter Dragon,Open World,1997,4.59999990463257,0
441,Yeeter Rekt,Action,1996,1.79999995231628,0
442,Dirty Tree,Hack and Slash,2017,1.70000004768372,0
443,Super Dragon,MMO,2003,3.79999995231628,1
444,Nice Node,Open World,1995,2.29999995231628,0
445,Colorful Fox,Open World,2005,2.09999990463257,0
446,Dirty Fighter,MMO,1994,1.10000002384186,1
447,Big Rekt,Horror,2003,3.70000004768372,0
448,Killer Leaf,Open World,2014,4.59999990463257,0
449,Big Fox,RPG,2009,3.70000004768372,0
450,Nice Road,Racing,2009,4.19999980926514,0
451,Nice Fighter,Idle,1985,1.70000004768372,1
452,World of Shark,Party,1988,3.90000009536743,0
453,True Dragon,RPG,2013,4.30000019073486,0
454,Dirty Fox,Action,2006,1.5,0
455,Big Road,Racing,2003,3.5,1
456,Nice Bob,RTS,1986,4.59999990463257,0
457,World of Fighter,Battle Royal,1995,1.60000002384186,0
458,Fight Rekt,Horror,1992,3.29999995231628,0
459,Killer Kitten,Racing,2001,1.60000002384186,0
460,Small Troll,Battle Royal,2017,3.09999990463257,1
461,Killer Fox,Action,2003,2.0,0
462,World of Bob,Survival,1991,3.5,1
463,Yeeter Troll,Puzzle,2008,3.79999995231628,0
464,Project Kitten,Hack and Slash,1990,4.09999990463257,1
465,Small Coal,Survival,2018,2.59999990463257,1
466,Fine Troll,Shooter,1992,3.29999995231628,0
467,Killer Troll,Racing,2006,4.30000019073486,1
468,World of Fox,Puzzle,1998,4.09999990463257,0
469,Yeeter Shark,RPG,2000,2.5,0
470,Killer Kitten,Casual,2019,3.59999990463257,0
471,Dirty Node,Horror,1993,1.0,0
472,Nice Shark,Party,1999,2.70000004768372,0
473,World of Node,Survival,1990,1.5,0
474,Killer Fox,RTS,2011,4.59999990463257,0
475,Super Fighter,Casual,1994,4.5,1
476,True Shark,Open World,2000,4.59999990463257,0
477,World of Kitten,Racing,2017,4.19999980926514,0
478,Nice Kitten,MMO,2001,1.20000004768372,0
479,Fight Shark,Action,1992,2.79999995231628,0
480,Killer Node,Rythm,2016,3.79999995231628,1
481,Yeeter Coal,Survival,2007,3.5,1
482,Dirty Coal,Shooter,1985,1.70000004768372,1
483,Big Node,Rythm,2016,2.5,0
484,Big Rekt,Rythm,1986,3.0,0
485,Small Leaf,Racing,1986,2.40000009536743,0
486,Colorful Bob,Open World,1986,2.40000009536743,0
487,Fight Kitten,Battle Royal,2020,4.90000009536743,0
488,World of Coal,Horror,2012,2.79999995231628,0
489,Project Fighter,Casual,2002,1.20000004768372,0
490,Project Dragon,RPG,2003,4.59999990463257,0
491,Project Dragon,Rougelike,2005,4.80000019073486,0
492,Colorful Fox,RTS,1996,4.69999980926514,0
493,Small Node,Shooter,2001,4.40000009536743,1
494,Fine Fighter,Rougelike,1993,3.59999990463257,0
495,Colorful Shark,MMO,2001,3.0,0
496,Nice Fox,Puzzle,2007,4.80000019073486,0
497,Killer Troll,Open World,1997,2.40000009536743,0
498,Nice Bob,Racing,1992,3.29999995231628,0
499,Dirty Node,Puzzle,2004,2.59999990463257,0
500,Nice Fighter,Rythm,2009,4.59999990463257,1
501,Yeeter Fox,Battle Royal,2002,3.20000004768372,0
502,Fine Fox,Shooter,1994,1.70000004768372,0
503,Nice Dragon,Casual,1990,2.40000009536743,0
504,Dirty Troll,Racing,2014,3.09999990463257,0
505,Colorful Road,Hack and Slash,2018,2.79999995231628,0
506,Nice Kitten,Rythm,1989,1.89999997615814,0
507,Yeeter Bob,Survival,1989,1.79999995231628,0
508,True Troll,MMO,2004,2.09999990463257,0
509,True Leaf,Racing,2012,3.09999990463257,0
510,Small Fighter,Action,1987,4.69999980926514,0
511,True Shark,RPG,1985,1.79999995231628,0
512,Killer Road,Racing,1997,2.5,1
513,Killer Leaf,Shooter,1986,3.09999990463257,1
514,World of Coal,Survival,1999,4.19999980926514,0
515,Killer Coal,RTS,2003,2.29999995231628,1
516,Big Node,Adventure,2013,3.59999990463257,0
517,Colorful Rekt,Rougelike,1989,4.80000019073486,0
518,Colorful Shark,Racing,2011,4.69999980926514,0
519,Fight Coal,Shooter,1991,3.09999990463257,1
520,Nice Node,Open World,2015,2.59999990463257,0
521,Big Bob,Racing,2001,3.29999995231628,0
522,World of Shark,MMO,1992,3.09999990463257,1
523,Fine Coal,Shooter,2004,2.79999995231628,0
524,Super Dragon,Battle Royal,2003,1.89999997615814,0
525,Dirty Fighter,Shooter,2002,1.39999997615814,0
526,Colorful Leaf,Racing,1995,3.59999990463257,0
527,Killer Road,RTS,2018,1.5,0
528,Fine Leaf,Battle Royal,1988,2.59999990463257,0
529,Killer Rekt,Battle Royal,2020,2.70000004768372,0
530,True Bob,Idle,2014,3.5,1
531,World of Road,Puzzle,2016,2.09999990463257,1
532,Killer Fox,Rythm,2019,3.09999990463257,0
533,Project Fighter,Racing,2014,2.40000009536743,0
534,Big Bob,Shooter,2018,1.39999997615814,0
535,Nice Bob,Rythm,2015,3.59999990463257,0
536,Dirty Troll,Party,1994,3.40000009536743,1
537,Colorful Bob,Open World,2016,3.40000009536743,0
538,Colorful Node,Puzzle,2000,3.5,0
539,Yeeter Rekt,Rythm,2013,4.90000009536743,0
540,Project Fox,Rythm,2005,4.80000019073486,1
541,Fight Leaf,Battle Royal,2019,4.5,0
542,Fight Tree,Horror,2012,2.40000009536743,0
543,Project Road,Casual,2017,4.0,1
544,Colorful Rekt,RPG,1985,1.70000004768372,0
545,Killer Coal,RPG,2015,3.09999990463257,0
546,Dirty Kitten,Action,1988,2.59999990463257,0
547,Dirty Kitten,Open World,1996,4.90000009536743,0
548,Colorful Tree,Rythm,1985,2.40000009536743,0
549,Super Road,Adventure,2005,1.29999995231628,1
550,Fight Leaf,Battle Royal,2017,1.70000004768372,0
551,World of Fighter,Hack and Slash,2012,4.40000009536743,0
552,Colorful Bob,Casual,2002,3.90000009536743,1
553,Colorful Fighter,Horror,2006,1.10000002384186,0
554,Killer Kitten,Survival,2019,4.90000009536743,0
555,Fight Node,Puzzle,2011,3.40000009536743,1
556,True Troll,MMO,2007,4.59999990463257,1
557,Killer Coal,Horror,2016,2.29999995231628,1
558,Killer Fox,Horror,2005,1.79999995231628,0
559,Super Kitten,Action,2000,4.30000019073486,0
560,Super Dragon,RTS,2009,2.09999990463257,1
561,Nice Troll,RTS,2003,1.20000004768372,0
562,Project Tree,Party,2018,2.29999995231628,0
563,Super Dragon,Idle,2019,3.09999990463257,0
564,Fight Kitten,Casual,1995,4.69999980926514,0
565,World of Fighter,Puzzle,2015,3.79999995231628,0
566,Project Coal,Adventure,1999,1.29999995231628,1
567,World of Kitten,Rougelike,2003,4.0,0
568,True Tree,Survival,1986,3.70000004768372,0
569,Big Fox,RTS,2008,4.19999980926514,0
570,Project Rekt,Adventure,2001,2.09999990463257,1
571,Dirty Node,Casual,2016,1.39999997615814,0
572,Small Fighter,Racing,1986,4.40000009536743,0
573,Big Shark,MMO,2003,2.59999990463257,0
574,Dirty Dragon,Rougelike,1995,1.89999997615814,0
575,Super Dragon,Hack and Slash,1994,1.29999995231628,0
576,True Shark,Shooter,2006,4.80000019073486,0
577,Yeeter Road,Rougelike,2002,1.20000004768372,1
578,Small Coal,Idle,2018,3.90000009536743,1
579,Yeeter Dragon,Rougelike,2020,4.19999980926514,0
580,Killer Leaf,Action,1996,2.5,0
581,Super Fox,Battle Royal,2018,3.70000004768372,0
582,Small Node,Open World,1986,3.79999995231628,1
583,Nice Fox,Horror,2007,1.39999997615814,0
584,Killer Node,Rythm,1990,3.40000009536743,1
585,Big Road,Battle Royal,1998,2.5,0
586,Super Shark,Open World,2005,3.70000004768372,0
587,Colorful Fighter,Hack and Slash,2005,2.90000009536743,0
588,True Kitten,Horror,2019,3.0,0
589,Small Kitten,Survival,2013,2.20000004768372,0
590,Killer Coal,Survival,2017,1.79999995231628,0
591,Dirty Fighter,RPG,2016,2.09999990463257,0
592,Killer Node,Shooter,2010,3.20000004768372,1
593,Yeeter Dragon,Adventure,1985,1.60000002384186,0
594,Colorful Tree,Horror,2017,2.0,0
595,True Road,Battle Royal,1990,2.09999990463257,0
596,World of Dragon,Shooter,2018,4.90000009536743,1
597,Super Road,Puzzle,1990,2.70000004768372,0
598,World of Bob,RTS,2009,3.90000009536743,0
599,Super Tree,Party,1999,4.59999990463257,0
600,Killer Rekt,Rougelike,1993,3.40000009536743,1
601,Colorful Leaf,Party,1994,1.5,1
602,Dirty Coal,Casual,1990,3.29999995231628,0
603,Project Fighter,Rougelike,2014,3.79999995231628,0
604,True Road,RPG,2016,3.90000009536743,0
605,Small Dragon,Idle,2010,3.5,0
606,Fight Shark,Horror,2016,1.5,0
607,Project Rekt,Horror,2016,2.90000009536743,0
608,Super Node,Horror,1996,1.10000002384186,0
609,Yeeter Road,Survival,1998,3.29999995231628,0
610,Small Node,Puzzle,1989,3.90000009536743,0
611,Big Road,Rougelike,1996,4.40000009536743,1
612,Small Coal,Puzzle,1994,2.0,1
613,Colorful Rekt,Open World,1987,2.20000004768372,1
614,World of Leaf,Puzzle,1992,4.5,1
615,True Tree,Puzzle,1992,1.60000002384186,1
616,Super Node,Rougelike,1989,1.70000004768372,0
617,Killer Shark,RTS,1999,2.09999990463257,0
618,Small Troll,Hack and Slash,2008,3.09999990463257,1
619,Killer Troll,Rythm,1985,3.79999995231628,1
620,Fine Rekt,Puzzle,1994,4.30000019073486,1
621,Big Fox,Hack and Slash,2015,3.59999990463257,0
622,Killer Coal,Party,1990,3.90000009536743,0
623,Small Bob,Puzzle,2011,3.20000004768372,1
624,Small Bob,Casual,1990,3.40000009536743,0
625,Big Coal,Survival,1989,4.69999980926514,0
626,Fight Bob,Party,2020,1.89999997615814,0
627,Yeeter Leaf,Shooter,1994,1.5,0
628,Fight Rekt,Puzzle,1997,4.80000019073486,0
629,Project Shark,Action,2008,1.60000002384186,0
630,True Node,Action,1999,3.79999995231628,1
631,Project Tree,Rythm,2001,3.0,0
632,True Kitten,Open World,2000,1.89999997615814,1
633,Big Troll,Casual,2001,3.20000004768372,0
634,Dirty Road,Shooter,1997,2.0,0
635,Dirty Fox,MMO,2004,4.5,0
636,Small Bob,Survival,1993,4.69999980926514,1
637,True Road,Adventure,2020,3.59999990463257,1
638,World of Node,Adventure,2007,3.40000009536743,0
639,Colorful Tree,RTS,1994,4.59999990463257,0
640,Yeeter Leaf,Puzzle,2000,3.40000009536743,0
641,Fine Road,Casual,1991,3.0,0
642,Dirty Road,Hack and Slash,1998,2.0,0
643,Super Fox,Racing,1992,1.5,0
644,Killer Node,Survival,1988,2.59999990463257,1
645,Killer Bob,Puzzle,2017,2.70000004768372,0
646,Yeeter Troll,Rougelike,1996,1.20000004768372,1
647,Dirty Dragon,Rougelike,2008,4.0,1
648,Nice Bob,Open World,2008,4.80000019073486,1
649,World of Coal,RPG,2009,2.29999995231628,0
650,Killer Node,RTS,2007,2.09999990463257,0
651,Fine Tree,Casual,1999,2.0,0
652,Project Troll,Casual,2012,2.0,0
653,Nice Bob,Idle,2007,2.0,0
654,Fine Dragon,Puzzle,1998,4.80000019073486,0
655,Big Road,Open World,1985,2.70000004768372,0
656,Project Rekt,RTS,2013,2.70000004768372,0
657,Fine Rekt,Rougelike,1996,4.09999990463257,0
658,Project Leaf,Racing,2003,4.80000019073486,1
659,Super Bob,Idle,1996,1.89999997615814,1
660,Yeeter Tree,Puzzle,2017,2.70000004768372,0
661,True Fighter,Rougelike,2018,2.29999995231628,0
662,Big Bob,Rythm,2014,1.70000004768372,0
663,Project Bob,RPG,2008,3.90000009536743,0
664,Fight Shark,Idle,2018,4.0,0
665,Project Tree,Puzzle,2013,4.30000019073486,1
666,Project Leaf,Action,1988,4.19999980926514,0
667,Fight Kitten,Hack and Slash,2014,3.5,0
668,True Tree,RPG,1988,3.79999995231628,1
669,Fine Tree,Rougelike,2004,3.09999990463257,0
670,Dirty Road,Rythm,2004,3.5,1
671,Super Coal,RPG,1996,1.20000004768372,0
672,True Rekt,Open World,2007,4.5,0
673,Super Shark,RPG,2019,1.0,0
674,Dirty Rekt,RTS,1995,4.0,1
675,Nice Shark,Action,2010,4.09999990463257,0
676,Project Rekt,RPG,1987,1.70000004768372,1
677,Nice Dragon,Idle,2019,3.09999990463257,1
678,Colorful Dragon,Rougelike,2007,4.69999980926514,1
679,Yeeter Node,Party,1999,4.5,1
680,Colorful Fox,Adventure,1987,3.59999990463257,0
681,World of Bob,Horror,1985,3.90000009536743,0
682,Nice Coal,Idle,1991,1.70000004768372,0
683,Dirty Tree,Action,1986,1.0,1
684,Small Node,Action,1989,3.09999990463257,0
685,Yeeter Road,Puzzle,2006,1.79999995231628,0
686,Yeeter Leaf,Rougelike,1998,3.0,0
687,Fight Shark,Hack and Slash,1988,4.69999980926514,1
688,Killer Troll,MMO,2014,4.59999990463257,0
689,Colorful Tree,Rythm,1993,2.20000004768372,1
690,Fine Shark,Survival,1993,3.90000009536743,0
691,Big Node,Hack and Slash,1989,3.70000004768372,0
692,Killer Dragon,Racing,2010,2.40000009536743,0
693,Nice Node,Casual,2010,4.80000019073486,0
694,Nice Rekt,MMO,2020,1.70000004768372,0
695,Dirty Road,Casual,2010,4.19999980926514,0
696,Project Fox,Hack and Slash,2005,3.20000004768372,0
697,Small Fox,Idle,2012,2.70000004768372,0
698,World of Rekt,Idle,1991,4.5,0
699,Killer Bob,Puzzle,1987,3.29999995231628,0
700,Project Troll,RPG,2004,2.59999990463257,0
701,True Fox,Open World,1985,3.70000004768372,0
702,Super Shark,Puzzle,2017,1.39999997615814,0
703,True Dragon,Racing,1996,3.70000004768372,0
704,Killer Node,RTS,1987,2.90000009536743,0
705,Big Troll,Rougelike,1993,3.90000009536743,0
706,True Dragon,Shooter,1998,4.30000019073486,0
707,Big Road,Racing,1990,3.40000009536743,0
708,Fine Kitten,Hack and Slash,1989,2.5,0
709,Big Kitten,Rougelike,1997,3.40000009536743,0
710,Super Node,MMO,2011,3.09999990463257,1
711,Super Bob,Horror,1991,1.29999995231628,0
712,Fight Fighter,Battle Royal,1999,4.40000009536743,1
713,Big Kitten,Party,1997,4.09999990463257,0
714,Project Fighter,Shooter,1996,4.19999980926514,0
715,Big Coal,RTS,2006,1.20000004768372,0
716,World of Shark,Battle Royal,2010,1.60000002384186,0
717,Yeeter Dragon,Puzzle,1992,2.79999995231628,0
718,Big Fighter,Idle,1995,4.5,0
719,Killer Shark,Idle,2009,1.0,1
720,Colorful Tree,Rythm,2005,4.40000009536743,1
721,Small Node,Adventure,2008,2.40000009536743,0
722,Dirty Dragon,Puzzle,2008,3.40000009536743,0
723,Big Shark,Action,1997,2.70000004768372,0
724,Dirty Troll,RTS,1989,2.90000009536743,0
725,Small Leaf,Casual,1999,1.10000002384186,1
726,Fine Coal,Party,1992,1.20000004768372,1
727,Fine Node,Hack and Slash,2011,4.19999980926514,0
728,Dirty Dragon,Puzzle,1987,1.10000002384186,0
729,Small Fighter,Horror,1997,1.5,1
730,Fine Road,RPG,2002,4.59999990463257,1
731,Colorful Bob,Idle,1987,3.20000004768372,1
732,Super Rekt,Rythm,2010,3.5,1
733,Colorful Fox,RTS,2012,1.10000002384186,1
734,Fine Fighter,Casual,2011,3.0,0
735,Fine Dragon,Racing,1996,4.80000019073486,1
736,Project Leaf,RTS,2016,2.20000004768372,0
737,Colorful Fox,RTS,1993,3.59999990463257,0
738,Fine Road,Survival,1987,2.90000009536743,0
739,World of Troll,Adventure,2001,3.29999995231628,0
740,True Kitten,Adventure,2004,1.79999995231628,0
741,Fine Coal,Hack and Slash,2010,1.60000002384186,0
742,Super Coal,Casual,1992,4.5,0
743,Super Dragon,Casual,2018,3.09999990463257,0
744,World of Rekt,Party,2012,4.5,1
745,Fine Rekt,Idle,2007,1.39999997615814,1
746,World of Fighter,Horror,2014,1.79999995231628,0
747,Fight Node,Rougelike,2008,3.70000004768372,1
748,Killer Rekt,Rougelike,1991,1.29999995231628,0
749,Small Road,Survival,1998,4.80000019073486,0
750,Yeeter Leaf,Rythm,2007,1.60000002384186,1
751,Killer Road,RPG,1999,2.59999990463257,0
752,Big Dragon,RTS,2009,4.19999980926514,0
753,Dirty Fighter,MMO,2004,3.40000009536743,0
754,Super Fighter,Rougelike,2013,4.90000009536743,0
755,Nice Tree,Puzzle,2007,1.60000002384186,1
756,Nice Troll,Casual,2011,2.5,0
757,Project Kitten,RTS,2018,1.20000004768372,0
758,Dirty Leaf,RTS,1994,4.90000009536743,0
759,True Kitten,Survival,1994,4.30000019073486,1
760,Small Kitten,Battle Royal,2003,3.59999990463257,1
761,Dirty Shark,Idle,2009,4.30000019073486,0
762,Fight Fox,Horror,2010,1.10000002384186,0
763,Killer Tree,Puzzle,2009,2.20000004768372,0
764,Killer Dragon,Battle Royal,1991,2.90000009536743,0
765,Killer Road,Battle Royal,2013,4.90000009536743,0
766,Colorful Fox,Idle,2018,1.39999997615814,0
767,Small Coal,RTS,2004,2.0,0
768,Killer Kitten,Puzzle,2019,2.09999990463257,0
769,World of Tree,Puzzle,2008,3.70000004768372,0
770,Project Rekt,Shooter,1995,3.40000009536743,1
771,Small Rekt,Hack and Slash,1987,2.59999990463257,1
772,Nice Fox,Open World,2017,4.5,1
773,Dirty Troll,Action,2020,2.59999990463257,0
774,Big Bob,Rougelike,2015,2.5,0
775,World of Fighter,Idle,2004,4.90000009536743,1
776,Super Fox,Idle,2005,3.09999990463257,1
777,Fight Node,Rythm,2010,3.29999995231628,0
778,Fine Leaf,Party,2004,4.5,0
779,Fine Dragon,Horror,1999,4.59999990463257,0
780,True Dragon,Battle Royal,2011,3.29999995231628,0
781,Yeeter Dragon,Party,1992,2.20000004768372,0
782,Colorful Node,Idle,1992,2.29999995231628,0
783,Colorful Coal,Action,2015,1.0,0
784,Colorful Kitten,Puzzle,2008,3.5,0
785,Nice Fighter,MMO,2015,1.29999995231628,0
786,Colorful Kitten,Racing,2019,2.5,0
787,Yeeter Dragon,Racing,1986,2.5,0
788,Dirty Coal,Hack and Slash,1985,2.5,0
789,Fight Leaf,Idle,2018,4.40000009536743,1
790,Super Kitten,Adventure,2003,4.0,0
791,Nice Kitten,Casual,1992,1.0,0
792,World of Fox,Adventure,2007,3.59999990463257,1
793,Big Road,Survival,2014,3.79999995231628,0
794,True Leaf,MMO,1989,2.20000004768372,0
795,Killer Dragon,RPG,1992,4.59999990463257,0
796,Nice Rekt,Open World,1997,1.0,0
797,Yeeter Leaf,Adventure,1987,2.79999995231628,0
798,Super Troll,Shooter,2019,1.60000002384186,0
799,Dirty Kitten,Survival,1998,1.5,0
800,Fine Fox,Rougelike,2017,2.0,1
801,World of Troll,Horror,2017,4.40000009536743,0
802,Yeeter Bob,Open World,2001,3.09999990463257,1
803,Killer Road,RTS,1990,4.30000019073486,0
804,Dirty Tree,RPG,2011,4.59999990463257,0
805,Yeeter Leaf,Survival,2011,2.90000009536743,1
806,Killer Road,Rougelike,2008,2.79999995231628,0
807,Killer Leaf,Rougelike,2015,1.5,0
808,Colorful Bob,Idle,1996,3.29999995231628,0
809,Super Fighter,Hack and Slash,2001,3.70000004768372,0
810,Big Tree,Battle Royal,2010,4.19999980926514,0
811,Project Troll,Battle Royal,1994,3.29999995231628,1
812,Big Bob,Action,2012,2.29999995231628,0
813,World of Fighter,Adventure,2014,4.09999990463257,0
814,Killer Tree,Action,2018,4.80000019073486,1
815,Colorful Troll,Horror,2018,1.60000002384186,0
816,Super Rekt,Casual,2011,2.09999990463257,1
817,Super Coal,Puzzle,2015,2.20000004768372,0
818,Killer Rekt,Open World,2006,4.69999980926514,0
819,Big Tree,Hack and Slash,1996,4.0,1
820,Dirty Dragon,Rythm,2003,3.20000004768372,0
821,Big Shark,Hack and Slash,2016,2.90000009536743,0
822,Big Road,RPG,1991,1.89999997615814,1
823,Big Bob,Adventure,2008,1.10000002384186,0
824,Yeeter Rekt,Shooter,1994,1.20000004768372,1
825,Dirty Bob,Action,2010,4.30000019073486,0
826,Dirty Bob,Puzzle,1993,1.0,0
827,Colorful Fox,Battle Royal,2012,4.90000009536743,0
828,Dirty Tree,Action,2020,2.5,1
829,Fight Dragon,Open World,2010,4.19999980926514,0
830,True Fighter,Shooter,1993,2.29999995231628,0
831,True Rekt,Party,2010,4.59999990463257,0
832,Big Fighter,Open World,2014,4.59999990463257,1
833,Project Node,Party,1992,1.0,1
834,World of Bob,Action,1999,1.89999997615814,0
835,World of Road,Action,2000,1.70000004768372,0
836,Big Shark,Survival,1994,1.39999997615814,1
837,Super Bob,Adventure,2001,3.5,0
838,Yeeter Dragon,Idle,2001,4.09999990463257,0
839,Super Rekt,Idle,1988,3.59999990463257,0
840,World of Leaf,Survival,1988,1.10000002384186,1
841,Fight Node,Hack and Slash,1988,1.29999995231628,1
842,Yeeter Leaf,MMO,2017,1.10000002384186,0
843,Project Bob,MMO,2010,4.5,1
844,Fine Tree,Racing,2003,2.79999995231628,1
845,Big Node,Open World,2000,3.29999995231628,0
846,Dirty Fox,Casual,1987,1.0,0
847,Project Troll,RPG,1989,3.79999995231628,0
848,Fight Kitten,Idle,2018,3.90000009536743,0
849,Nice Node,Hack and Slash,1998,4.80000019073486,0
850,Big Leaf,Puzzle,2008,3.90000009536743,1
851,Super Bob,Horror,2016,1.39999997615814,0
852,True Fox,Adventure,2016,2.70000004768372,0
853,Fine Coal,Puzzle,2005,3.40000009536743,0
854,Yeeter Troll,MMO,2015,3.20000004768372,0
855,Super Node,Horror,2016,3.29999995231628,0
856,Fine Bob,Casual,2004,2.79999995231628,1
857,Small Coal,Action,1987,4.80000019073486,0
858,Killer Shark,RPG,1985,3.79999995231628,0
859,Big Troll,RTS,2009,3.0,1
860,Fine Leaf,Hack and Slash,2015,2.09999990463257,1
861,Yeeter Road,RPG,1989,2.5,1
862,True Coal,Casual,2009,4.09999990463257,0
863,Nice Leaf,Idle,2018,4.5,0
864,Yeeter Kitten,RTS,1989,4.09999990463257,1
865,Dirty Fighter,MMO,2002,1.29999995231628,0
866,Super Fighter,Party,2002,1.70000004768372,1
867,Colorful Node,Survival,1986,2.0,0
868,Fight Dragon,RPG,1989,4.5,0
869,Super Fox,Survival,2004,3.40000009536743,0
870,Small Node,Battle Royal,1994,1.70000004768372,0
871,Fight Troll,Horror,1987,2.0,1
872,Big Tree,Puzzle,1986,1.5,0
873,True Kitten,Adventure,2012,2.29999995231628,0
874,Killer Tree,Idle,1997,1.39999997615814,0
875,Killer Dragon,Puzzle,1998,1.70000004768372,0
876,Killer Fox,Horror,2003,2.20000004768372,0
877,Colorful Node,Horror,2016,3.29999995231628,0
878,Colorful Road,RPG,2004,4.19999980926514,0
879,Fine Bob,Casual,2019,3.20000004768372,1
880,Colorful Coal,Shooter,1991,4.69999980926514,1
881,Dirty Bob,Survival,2002,3.90000009536743,0
882,Super Fighter,RPG,2012,4.69999980926514,0
883,Project Dragon,Hack and Slash,1995,4.5,1
884,Project Leaf,Open World,2008,3.79999995231628,0
885,Yeeter Shark,Racing,2007,3.29999995231628,0
886,Dirty Fox,Rythm,2013,1.20000004768372,1
887,Small Tree,Casual,1985,2.59999990463257,0
888,Big Coal,Horror,2002,4.40000009536743,1
889,Dirty Shark,Rougelike,1987,2.90000009536743,0
890,Fight Troll,Rougelike,2005,1.20000004768372,0
891,Big Node,MMO,1994,1.5,1
892,Small Dragon,Shooter,2005,4.80000019073486,0
893,Project Fox,Rythm,2003,4.0,0
894,Big Troll,Party,1989,4.90000009536743,0
895,Colorful Road,Party,2016,2.90000009536743,0
896,Yeeter Dragon,Open World,2000,2.79999995231628,0
897,True Fighter,Hack and Slash,2000,4.09999990463257,0
898,World of Bob,Casual,2005,3.59999990463257,0
899,Fine Bob,Battle Royal,1987,3.29999995231628,0
900,Super Node,Racing,1992,2.5,0
901,Colorful Bob,Idle,1999,4.5,0
902,Killer Rekt,RPG,2004,1.79999995231628,0
903,World of Fox,Casual,2009,1.10000002384186,0
904,World of Tree,Rougelike,1989,4.90000009536743,0
905,Nice Leaf,RTS,2010,2.0,0
906,Killer Shark,Rougelike,2017,3.0,0
907,True Tree,Survival,2006,2.20000004768372,1
908,Project Rekt,Casual,2012,1.89999997615814,0
909,Big Shark,MMO,2002,4.90000009536743,0
910,Dirty Bob,Idle,2018,3.79999995231628,1
911,Fight Kitten,Idle,1993,2.09999990463257,1
912,Nice Shark,Battle Royal,2010,1.60000002384186,0
913,True Fighter,Idle,1998,3.40000009536743,0
914,Fight Leaf,Hack and Slash,1988,3.0,0
915,True Troll,Idle,1992,4.30000019073486,0
916,Killer Fighter,Party,2008,1.79999995231628,0
917,World of Rekt,Casual,1993,4.90000009536743,1
918,Killer Node,Party,2018,4.90000009536743,0
919,Fight Kitten,Adventure,2010,4.69999980926514,0
920,Fine Leaf,Action,1988,1.0,0
921,Killer Kitten,Rythm,1986,3.5,0
922,Fight Node,Horror,2007,4.0,0
923,Fine Node,Adventure,1988,1.10000002384186,0
924,Fight Coal,RPG,2007,3.70000004768372,0
925,Small Fox,Action,2018,3.09999990463257,0
926,Big Fighter,Survival,2007,4.69999980926514,0
927,World of Leaf,Open World,2001,2.20000004768372,0
928,Fine Dragon,Open World,2004,4.40000009536743,0
929,Nice Troll,Rougelike,1988,3.40000009536743,1
930,Yeeter Coal,Puzzle,2019,3.40000009536743,0
931,Fight Dragon,Hack and Slash,1988,3.90000009536743,0
932,World of Shark,MMO,2002,4.90000009536743,0
933,Nice Fox,Rougelike,2009,3.20000004768372,0
934,Small Rekt,Rougelike,1985,2.0,1
935,Fine Leaf,MMO,2002,1.20000004768372,0
936,Fine Coal,Party,1999,2.5,0
937,True Dragon,Rougelike,1989,2.79999995231628,0
938,Killer Road,Casual,2007,3.59999990463257,0
939,True Bob,Racing,2002,4.80000019073486,1
940,Small Node,Rythm,1992,2.90000009536743,0
941,Fine Coal,Idle,1997,3.90000009536743,0
942,Fine Leaf,Action,2005,3.79999995231628,1
943,Nice Tree,Horror,2016,1.60000002384186,0
944,Colorful Leaf,Hack and Slash,2019,1.60000002384186,0
945,Fight Leaf,RPG,2003,1.60000002384186,1
946,Dirty Shark,Horror,1991,3.20000004768372,0
947,Nice Fox,Battle Royal,2010,2.29999995231628,0
948,Dirty Node,Idle,2017,2.20000004768372,0
949,Nice Dragon,RPG,2004,1.10000002384186,0
950,Dirty Fox,Hack and Slash,2014,2.29999995231628,0
951,Fine Road,Party,2002,3.79999995231628,0
952,Dirty Rekt,Hack and Slash,1991,3.09999990463257,0
953,Colorful Node,Casual,1985,4.5,0
954,Dirty Fox,Open World,1999,3.79999995231628,0
955,Super Coal,Battle Royal,2011,3.90000009536743,1
956,Yeeter Fox,RTS,2004,4.30000019073486,1
957,Super Fighter,Rythm,2002,3.59999990463257,1
958,Killer Troll,Hack and Slash,1991,4.19999980926514,1
959,Fine Shark,RPG,2012,1.70000004768372,0
960,World of Fighter,Casual,2006,1.10000002384186,0
961,Project Dragon,Party,1993,2.09999990463257,1
962,Big Fox,Battle Royal,1988,2.29999995231628,1
963,Nice Leaf,MMO,2017,2.59999990463257,0
964,Yeeter Rekt,RTS,1989,1.39999997615814,0
965,Colorful Troll,Puzzle,2000,2.0,0
966,Dirty Rekt,Idle,1988,4.69999980926514,0
967,World of Tree,Rougelike,1997,1.79999995231628,0
968,Fight Leaf,Action,1998,1.70000004768372,0
969,Fine Dragon,RPG,2011,1.20000004768372,0
970,Fight Troll,Party,2012,1.70000004768372,0
971,Big Dragon,Rougelike,1987,1.39999997615814,0
972,Fine Leaf,Hack and Slash,2011,1.39999997615814,0
973,World of Shark,Rythm,1988,2.20000004768372,0
974,Big Road,Party,2006,1.39999997615814,0
975,Nice Dragon,Rythm,1985,2.40000009536743,0
976,Fine Rekt,Hack and Slash,1993,2.79999995231628,1
977,Fight Tree,Adventure,1999,3.29999995231628,0
978,Nice Leaf,Action,1995,1.29999995231628,1
979,Big Node,Survival,2009,4.40000009536743,0
980,Colorful Leaf,Rythm,2004,2.40000009536743,0
981,Fight Rekt,Racing,2015,2.20000004768372,1
982,Project Tree,Battle Royal,2012,3.79999995231628,1
983,Super Shark,Puzzle,2018,2.59999990463257,0
984,Small Shark,Shooter,2004,1.60000002384186,0
985,Yeeter Node,RPG,1993,1.10000002384186,1
986,Yeeter Leaf,Racing,2009,1.60000002384186,0
987,Fight Fighter,RTS,2010,4.90000009536743,1
988,Dirty Dragon,RPG,1987,3.29999995231628,1
989,Killer Leaf,RTS,2020,1.10000002384186,1
990,Fight Rekt,Shooter,1991,1.0,1
991,Killer Fox,Puzzle,2020,3.90000009536743,0
992,Killer Fighter,Adventure,2020,2.0,0
993,Colorful Node,Idle,2012,2.90000009536743,1
994,Small Tree,Party,2017,3.59999990463257,1
995,Super Node,Puzzle,2012,3.29999995231628,1
996,Small Kitten,Survival,2001,2.0,0
997,Dirty Dragon,RTS,2008,2.70000004768372,0
998,Small Tree,Rougelike,1985,3.59999990463257,0
999,Fine Shark,RTS,2004,3.20000004768372,0
1000,Killer Node,Party,1988,4.0,0
